Unknown,Unknown,2024-05-01 13:30:29,visitor_history\Unknown.jpg
Unknown,Unknown,2024-05-01 13:30:29,visitor_history\Unknown.jpg
Unknown,Unknown,2024-05-01 13:30:30,visitor_history\Unknown.jpg
Unknown,Unknown,2024-05-01 13:30:30,visitor_history\Unknown.jpg
Unknown,Unknown,2024-05-01 13:30:31,visitor_history\Unknown.jpg
Unknown,Unknown,2024-05-01 13:30:31,visitor_history\Unknown.jpg
Unknown,Unknown,2024-05-01 13:30:31,visitor_history\Unknown.jpg
Unknown,Unknown,2024-05-01 13:30:31,visitor_history\Unknown.jpg
Unknown,Unknown,2024-05-01 13:30:32,visitor_history\Unknown.jpg
Unknown,Unknown,2024-05-01 13:30:32,visitor_history\Unknown.jpg
Unknown,Unknown,2024-05-01 13:30:32,visitor_history\Unknown.jpg
Unknown,Unknown,2024-05-01 13:30:33,visitor_history\Unknown.jpg
Unknown,Unknown,2024-05-01 13:30:33,visitor_history\Unknown.jpg
Unknown,Unknown,2024-05-01 13:30:33,visitor_history\Unknown.jpg
Unknown,Unknown,2024-05-01 13:30:33,visitor_history\Unknown.jpg
Unknown,Unknown,2024-05-01 13:30:34,visitor_history\Unknown.jpg
Unknown,Unknown,2024-05-01 13:30:34,visitor_history\Unknown.jpg
Unknown,Unknown,2024-05-01 13:30:34,visitor_history\Unknown.jpg
Unknown,Unknown,2024-05-01 13:30:35,visitor_history\Unknown.jpg
Unknown,Unknown,2024-05-01 13:30:35,visitor_history\Unknown.jpg
Unknown,Unknown,2024-05-01 13:30:35,visitor_history\Unknown.jpg
Unknown,Unknown,2024-05-01 13:30:35,visitor_history\Unknown.jpg
Unknown,Unknown,2024-05-01 13:30:36,visitor_history\Unknown.jpg
Unknown,Unknown,2024-05-01 13:30:36,visitor_history\Unknown.jpg
Unknown,Unknown,2024-05-01 13:30:36,visitor_history\Unknown.jpg
Unknown,Unknown,2024-05-01 13:30:36,visitor_history\Unknown.jpg
Unknown,Unknown,2024-05-01 13:30:37,visitor_history\Unknown.jpg
Unknown,Unknown,2024-05-01 13:30:37,visitor_history\Unknown.jpg
Unknown,Unknown,2024-05-01 13:30:37,visitor_history\Unknown.jpg
Unknown,Unknown,2024-05-01 13:30:38,visitor_history\Unknown.jpg
4,mohana,2024-05-01 13:40:08,visitor_history\4.jpg
4,mohana,2024-05-01 13:40:08,visitor_history\4.jpg
4,mohana,2024-05-01 13:40:09,visitor_history\4.jpg
4,mohana,2024-05-01 13:40:09,visitor_history\4.jpg
Unknown,Unknown,2024-05-01 13:40:10,visitor_history\Unknown.jpg
4,mohana,2024-05-01 13:40:10,visitor_history\4.jpg
Unknown,Unknown,2024-05-01 13:40:11,visitor_history\Unknown.jpg
4,mohana,2024-05-01 13:40:11,visitor_history\4.jpg
4,mohana,2024-05-01 13:40:12,visitor_history\4.jpg
4,mohana,2024-05-01 13:40:12,visitor_history\4.jpg
Unknown,Unknown,2024-05-01 13:40:13,visitor_history\Unknown.jpg
4,mohana,2024-05-01 13:40:14,visitor_history\4.jpg
Unknown,Unknown,2024-05-01 13:44:44,visitor_history\Unknown.jpg
Unknown,Unknown,2024-05-01 13:44:44,visitor_history\Unknown.jpg
Unknown,Unknown,2024-05-01 13:44:45,visitor_history\Unknown.jpg
Unknown,Unknown,2024-05-01 13:44:45,visitor_history\Unknown.jpg
Unknown,Unknown,2024-05-01 13:44:46,visitor_history\Unknown.jpg
Unknown,Unknown,2024-05-01 13:44:47,visitor_history\Unknown.jpg
Unknown,Unknown,2024-05-01 13:44:47,visitor_history\Unknown.jpg
Unknown,Unknown,2024-05-01 13:44:48,visitor_history\Unknown.jpg
Unknown,Unknown,2024-05-01 13:44:48,visitor_history\Unknown.jpg
Unknown,Unknown,2024-05-01 13:44:49,visitor_history\Unknown.jpg
Unknown,Unknown,2024-05-01 13:44:49,visitor_history\Unknown.jpg
Unknown,Unknown,2024-05-01 13:44:50,visitor_history\Unknown.jpg
Unknown,Unknown,2024-05-01 13:44:50,visitor_history\Unknown.jpg
Unknown,Unknown,2024-05-01 13:44:51,visitor_history\Unknown.jpg
Unknown,Unknown,2024-05-01 13:44:51,visitor_history\Unknown.jpg
Unknown,Unknown,2024-05-01 13:44:52,visitor_history\Unknown.jpg
Unknown,Unknown,2024-05-01 13:44:52,visitor_history\Unknown.jpg
Unknown,Unknown,2024-05-01 13:44:53,visitor_history\Unknown.jpg
Unknown,Unknown,2024-05-01 13:44:53,visitor_history\Unknown.jpg
Unknown,Unknown,2024-05-01 13:44:54,visitor_history\Unknown.jpg
Unknown,Unknown,2024-05-01 13:44:54,visitor_history\Unknown.jpg
Unknown,Unknown,2024-05-01 13:44:55,visitor_history\Unknown.jpg
Unknown,Unknown,2024-05-01 13:44:55,visitor_history\Unknown.jpg
Unknown,Unknown,2024-05-01 13:44:56,visitor_history\Unknown.jpg
Unknown,Unknown,2024-05-01 13:44:56,visitor_history\Unknown.jpg
Unknown,Unknown,2024-05-01 13:44:57,visitor_history\Unknown.jpg
Unknown,Unknown,2024-05-01 13:44:57,visitor_history\Unknown.jpg
Unknown,Unknown,2024-05-01 13:44:58,visitor_history\Unknown.jpg
Unknown,Unknown,2024-05-01 13:44:58,visitor_history\Unknown.jpg
Unknown,Unknown,2024-05-01 13:44:59,visitor_history\Unknown.jpg
Unknown,Unknown,2024-05-01 13:44:59,visitor_history\Unknown.jpg
Unknown,Unknown,2024-05-01 13:44:59,visitor_history\Unknown.jpg
Unknown,Unknown,2024-05-01 13:45:00,visitor_history\Unknown.jpg
Unknown,Unknown,2024-05-01 13:45:00,visitor_history\Unknown.jpg
Unknown,Unknown,2024-05-01 13:45:01,visitor_history\Unknown.jpg
Unknown,Unknown,2024-05-01 13:45:01,visitor_history\Unknown.jpg
Unknown,Unknown,2024-05-01 13:45:02,visitor_history\Unknown.jpg
Unknown,Unknown,2024-05-01 13:45:02,visitor_history\Unknown.jpg
Unknown,Unknown,2024-05-01 13:45:03,visitor_history\Unknown.jpg
Unknown,Unknown,2024-05-01 13:45:04,visitor_history\Unknown.jpg
Unknown,Unknown,2024-05-01 13:45:04,visitor_history\Unknown.jpg
Unknown,Unknown,2024-05-01 13:45:05,visitor_history\Unknown.jpg
Unknown,Unknown,2024-05-01 13:45:05,visitor_history\Unknown.jpg
4,Mohana,2024-05-01 13:47:41,visitor_history\4.jpg
4,Mohana,2024-05-01 13:47:41,visitor_history\4.jpg
4,Mohana,2024-05-01 13:47:42,visitor_history\4.jpg
4,Mohana,2024-05-01 13:47:43,visitor_history\4.jpg
4,Mohana,2024-05-01 13:47:43,visitor_history\4.jpg
4,Mohana,2024-05-01 13:47:44,visitor_history\4.jpg
4,Mohana,2024-05-01 13:47:44,visitor_history\4.jpg
4,Mohana,2024-05-01 14:00:23,visitor_history\4.jpg
4,Mohana,2024-05-01 14:00:23,visitor_history\4.jpg
4,Mohana,2024-05-01 14:00:24,visitor_history\4.jpg
4,Mohana,2024-05-01 14:00:24,visitor_history\4.jpg
4,Mohana,2024-05-01 14:00:25,visitor_history\4.jpg
4,Mohana,2024-05-01 14:00:25,visitor_history\4.jpg
Unknown,Unknown,2024-05-08 14:47:19,visitor_history\Unknown.jpg
Unknown,Unknown,2024-05-08 14:47:20,visitor_history\Unknown.jpg
Unknown,Unknown,2024-05-08 14:47:23,visitor_history\Unknown.jpg
Unknown,Unknown,2024-05-08 14:47:24,visitor_history\Unknown.jpg
Unknown,Unknown,2024-05-08 14:47:28,visitor_history\Unknown.jpg
Unknown,Unknown,2024-05-08 14:47:29,visitor_history\Unknown.jpg
Unknown,Unknown,2024-05-08 14:47:30,visitor_history\Unknown.jpg
Unknown,Unknown,2024-05-08 14:47:31,visitor_history\Unknown.jpg
Unknown,Unknown,2024-05-08 14:47:32,visitor_history\Unknown.jpg
Unknown,Unknown,2024-05-08 14:47:33,visitor_history\Unknown.jpg
Unknown,Unknown,2024-05-08 14:47:33,visitor_history\Unknown.jpg
Unknown,Unknown,2024-05-08 14:47:34,visitor_history\Unknown.jpg
Unknown,Unknown,2024-05-08 14:47:35,visitor_history\Unknown.jpg
Unknown,Unknown,2024-05-08 14:47:36,visitor_history\Unknown.jpg
Unknown,Unknown,2024-05-08 14:47:37,visitor_history\Unknown.jpg
Unknown,Unknown,2024-05-08 14:47:37,visitor_history\Unknown.jpg
Unknown,Unknown,2024-05-08 14:47:39,visitor_history\Unknown.jpg
Unknown,Unknown,2024-05-08 14:47:40,visitor_history\Unknown.jpg
Unknown,Unknown,2024-05-08 14:47:40,visitor_history\Unknown.jpg
Unknown,Unknown,2024-05-08 14:47:42,visitor_history\Unknown.jpg
Unknown,Unknown,2024-05-08 14:47:42,visitor_history\Unknown.jpg
Unknown,Unknown,2024-05-08 14:47:43,visitor_history\Unknown.jpg
Unknown,Unknown,2024-05-08 14:47:43,visitor_history\Unknown.jpg
Unknown,Unknown,2024-05-08 14:47:44,visitor_history\Unknown.jpg
Unknown,Unknown,2024-05-08 14:47:44,visitor_history\Unknown.jpg
Unknown,Unknown,2024-05-08 14:47:45,visitor_history\Unknown.jpg
Unknown,Unknown,2024-05-08 14:47:45,visitor_history\Unknown.jpg
Unknown,Unknown,2024-05-08 14:47:46,visitor_history\Unknown.jpg
Unknown,Unknown,2024-05-08 14:47:46,visitor_history\Unknown.jpg
Unknown,Unknown,2024-05-08 14:47:46,visitor_history\Unknown.jpg
Unknown,Unknown,2024-05-08 14:47:47,visitor_history\Unknown.jpg
Unknown,Unknown,2024-05-08 14:47:47,visitor_history\Unknown.jpg
Unknown,Unknown,2024-05-08 14:47:48,visitor_history\Unknown.jpg
Unknown,Unknown,2024-05-08 14:47:49,visitor_history\Unknown.jpg
Unknown,Unknown,2024-05-08 14:47:51,visitor_history\Unknown.jpg
Unknown,Unknown,2024-05-08 14:47:51,visitor_history\Unknown.jpg
Unknown,Unknown,2024-05-08 14:47:53,visitor_history\Unknown.jpg
Unknown,Unknown,2024-05-08 14:47:53,visitor_history\Unknown.jpg
Unknown,Unknown,2024-05-08 14:47:54,visitor_history\Unknown.jpg
Unknown,Unknown,2024-05-08 14:47:55,visitor_history\Unknown.jpg
Unknown,Unknown,2024-05-08 14:47:57,visitor_history\Unknown.jpg
Unknown,Unknown,2024-05-08 14:47:59,visitor_history\Unknown.jpg
Unknown,Unknown,2024-05-08 14:47:59,visitor_history\Unknown.jpg
Unknown,Unknown,2024-05-08 14:47:59,visitor_history\Unknown.jpg
1,Elon Musk,2024-05-08 14:48:00,visitor_history\1.jpg
Unknown,Unknown,2024-05-08 14:48:01,visitor_history\Unknown.jpg
Unknown,Unknown,2024-05-08 14:48:02,visitor_history\Unknown.jpg
Unknown,Unknown,2024-05-08 14:48:03,visitor_history\Unknown.jpg
Unknown,Unknown,2024-05-08 14:48:04,visitor_history\Unknown.jpg
Unknown,Unknown,2024-05-08 14:48:05,visitor_history\Unknown.jpg
Unknown,Unknown,2024-05-08 14:48:06,visitor_history\Unknown.jpg
1,Elon Musk,2024-05-08 14:48:06,visitor_history\1.jpg
1,Elon Musk,2024-05-08 14:48:07,visitor_history\1.jpg
Unknown,Unknown,2024-05-08 14:48:09,visitor_history\Unknown.jpg
Unknown,Unknown,2024-05-08 14:48:09,visitor_history\Unknown.jpg
1,Elon Musk,2024-05-08 14:48:10,visitor_history\1.jpg
Unknown,Unknown,2024-05-08 14:48:10,visitor_history\Unknown.jpg
Unknown,Unknown,2024-05-08 14:48:11,visitor_history\Unknown.jpg
Unknown,Unknown,2024-05-08 14:48:12,visitor_history\Unknown.jpg
Unknown,Unknown,2024-05-08 14:48:13,visitor_history\Unknown.jpg
Unknown,Unknown,2024-05-08 14:48:14,visitor_history\Unknown.jpg
Unknown,Unknown,2024-05-08 14:48:15,visitor_history\Unknown.jpg
1,Elon Musk,2024-05-08 14:48:16,visitor_history\1.jpg
1,Elon Musk,2024-05-08 14:48:17,visitor_history\1.jpg
1,Elon Musk,2024-05-08 14:48:17,visitor_history\1.jpg
1,Elon Musk,2024-05-08 14:48:18,visitor_history\1.jpg
1,Elon Musk,2024-05-08 14:48:19,visitor_history\1.jpg
Unknown,Unknown,2024-05-08 14:48:20,visitor_history\Unknown.jpg
Unknown,Unknown,2024-05-08 14:48:20,visitor_history\Unknown.jpg
Unknown,Unknown,2024-05-08 14:48:21,visitor_history\Unknown.jpg
Unknown,Unknown,2024-05-08 14:48:21,visitor_history\Unknown.jpg
Unknown,Unknown,2024-05-08 14:48:22,visitor_history\Unknown.jpg
Unknown,Unknown,2024-05-08 14:48:23,visitor_history\Unknown.jpg
Unknown,Unknown,2024-05-08 14:48:23,visitor_history\Unknown.jpg
Unknown,Unknown,2024-05-08 14:48:24,visitor_history\Unknown.jpg
Unknown,Unknown,2024-05-08 14:48:25,visitor_history\Unknown.jpg
1,Elon Musk,2024-05-08 14:48:25,visitor_history\1.jpg
1,Elon Musk,2024-05-08 14:48:26,visitor_history\1.jpg
1,Elon Musk,2024-05-08 14:48:27,visitor_history\1.jpg
1,Elon Musk,2024-05-08 14:48:27,visitor_history\1.jpg
1,Elon Musk,2024-05-08 14:48:29,visitor_history\1.jpg
Unknown,Unknown,2024-05-08 14:48:29,visitor_history\Unknown.jpg
1,Elon Musk,2024-05-08 14:48:30,visitor_history\1.jpg
Unknown,Unknown,2024-05-08 14:48:30,visitor_history\Unknown.jpg
1,Elon Musk,2024-05-08 14:48:31,visitor_history\1.jpg
Unknown,Unknown,2024-05-08 14:48:31,visitor_history\Unknown.jpg
1,Elon Musk,2024-05-08 14:48:32,visitor_history\1.jpg
Unknown,Unknown,2024-05-08 14:48:32,visitor_history\Unknown.jpg
1,Elon Musk,2024-05-08 14:48:33,visitor_history\1.jpg
1,Elon Musk,2024-05-08 14:48:33,visitor_history\1.jpg
1,Elon Musk,2024-05-08 14:48:34,visitor_history\1.jpg
1,Elon Musk,2024-05-08 14:48:35,visitor_history\1.jpg
Unknown,Unknown,2024-05-08 14:48:35,visitor_history\Unknown.jpg
1,Elon Musk,2024-05-08 14:48:36,visitor_history\1.jpg
1,Elon Musk,2024-05-08 14:48:37,visitor_history\1.jpg
1,Elon Musk,2024-05-08 14:48:37,visitor_history\1.jpg
1,Elon Musk,2024-05-08 14:48:38,visitor_history\1.jpg
1,Elon Musk,2024-05-08 14:48:38,visitor_history\1.jpg
1,Elon Musk,2024-05-08 14:48:40,visitor_history\1.jpg
Unknown,Unknown,2024-05-08 14:48:40,visitor_history\Unknown.jpg
Unknown,Unknown,2024-05-08 14:48:41,visitor_history\Unknown.jpg
Unknown,Unknown,2024-05-08 14:48:41,visitor_history\Unknown.jpg
1,Elon Musk,2024-05-08 14:48:42,visitor_history\1.jpg
Unknown,Unknown,2024-05-08 14:48:42,visitor_history\Unknown.jpg
1,Elon Musk,2024-05-08 14:48:43,visitor_history\1.jpg
Unknown,Unknown,2024-05-08 14:48:43,visitor_history\Unknown.jpg
1,Elon Musk,2024-05-08 14:48:44,visitor_history\1.jpg
Unknown,Unknown,2024-05-08 14:48:44,visitor_history\Unknown.jpg
1,Elon Musk,2024-05-08 14:48:45,visitor_history\1.jpg
Unknown,Unknown,2024-05-08 14:48:45,visitor_history\Unknown.jpg
1,Elon Musk,2024-05-08 14:48:47,visitor_history\1.jpg
Unknown,Unknown,2024-05-08 14:48:47,visitor_history\Unknown.jpg
Unknown,Unknown,2024-05-08 14:48:48,visitor_history\Unknown.jpg
Unknown,Unknown,2024-05-08 14:48:48,visitor_history\Unknown.jpg
1,Elon Musk,2024-05-08 14:48:49,visitor_history\1.jpg
Unknown,Unknown,2024-05-08 14:48:49,visitor_history\Unknown.jpg
1,Elon Musk,2024-05-08 14:48:50,visitor_history\1.jpg
Unknown,Unknown,2024-05-08 14:48:50,visitor_history\Unknown.jpg
1,Elon Musk,2024-05-08 14:48:51,visitor_history\1.jpg
Unknown,Unknown,2024-05-08 14:48:51,visitor_history\Unknown.jpg
1,Elon Musk,2024-05-08 14:48:52,visitor_history\1.jpg
Unknown,Unknown,2024-05-08 14:48:52,visitor_history\Unknown.jpg
1,Elon Musk,2024-05-08 14:48:53,visitor_history\1.jpg
Unknown,Unknown,2024-05-08 14:48:53,visitor_history\Unknown.jpg
1,Elon Musk,2024-05-08 14:48:54,visitor_history\1.jpg
Unknown,Unknown,2024-05-08 14:48:54,visitor_history\Unknown.jpg
1,Elon Musk,2024-05-08 14:48:55,visitor_history\1.jpg
Unknown,Unknown,2024-05-08 14:48:55,visitor_history\Unknown.jpg
Unknown,Unknown,2024-05-08 14:48:56,visitor_history\Unknown.jpg
Unknown,Unknown,2024-05-08 14:48:56,visitor_history\Unknown.jpg
1,Elon Musk,2024-05-08 14:48:57,visitor_history\1.jpg
Unknown,Unknown,2024-05-08 14:48:57,visitor_history\Unknown.jpg
1,Elon Musk,2024-05-08 14:48:59,visitor_history\1.jpg
Unknown,Unknown,2024-05-08 14:48:59,visitor_history\Unknown.jpg
Unknown,Unknown,2024-05-08 14:49:00,visitor_history\Unknown.jpg
Unknown,Unknown,2024-05-08 14:49:00,visitor_history\Unknown.jpg
1,Elon Musk,2024-05-08 14:49:01,visitor_history\1.jpg
Unknown,Unknown,2024-05-08 14:49:01,visitor_history\Unknown.jpg
1,Elon Musk,2024-05-08 14:49:01,visitor_history\1.jpg
Unknown,Unknown,2024-05-08 14:49:01,visitor_history\Unknown.jpg
1,Elon Musk,2024-05-08 14:49:02,visitor_history\1.jpg
Unknown,Unknown,2024-05-08 14:49:02,visitor_history\Unknown.jpg
Unknown,Unknown,2024-05-08 14:49:41,visitor_history\Unknown.jpg
3,Bill Gates,2024-05-08 14:49:41,visitor_history\3.jpg
3,Bill Gates,2024-05-08 14:49:47,visitor_history\3.jpg
Unknown,Unknown,2024-05-08 14:49:48,visitor_history\Unknown.jpg
3,Bill Gates,2024-05-08 14:49:52,visitor_history\3.jpg
3,Bill Gates,2024-05-08 14:49:52,visitor_history\3.jpg
3,Bill Gates,2024-05-08 14:49:53,visitor_history\3.jpg
3,Bill Gates,2024-05-08 14:49:53,visitor_history\3.jpg
3,Bill Gates,2024-05-08 14:49:54,visitor_history\3.jpg
3,Bill Gates,2024-05-08 14:49:54,visitor_history\3.jpg
3,Bill Gates,2024-05-08 14:49:55,visitor_history\3.jpg
3,Bill Gates,2024-05-08 14:49:55,visitor_history\3.jpg
3,Bill Gates,2024-05-08 14:49:56,visitor_history\3.jpg
3,Bill Gates,2024-05-08 14:49:56,visitor_history\3.jpg
3,Bill Gates,2024-05-08 14:49:57,visitor_history\3.jpg
3,Bill Gates,2024-05-08 14:49:57,visitor_history\3.jpg
3,Bill Gates,2024-05-08 14:49:58,visitor_history\3.jpg
Unknown,Unknown,2024-05-08 14:49:58,visitor_history\Unknown.jpg
3,Bill Gates,2024-05-08 14:49:59,visitor_history\3.jpg
3,Bill Gates,2024-05-08 14:49:59,visitor_history\3.jpg
3,Bill Gates,2024-05-08 14:50:00,visitor_history\3.jpg
3,Bill Gates,2024-05-08 14:50:00,visitor_history\3.jpg
3,Bill Gates,2024-05-08 14:50:01,visitor_history\3.jpg
3,Bill Gates,2024-05-08 14:50:01,visitor_history\3.jpg
3,Bill Gates,2024-05-08 14:50:02,visitor_history\3.jpg
3,Bill Gates,2024-05-08 14:50:02,visitor_history\3.jpg
3,Bill Gates,2024-05-08 14:50:03,visitor_history\3.jpg
Unknown,Unknown,2024-05-08 14:50:32,visitor_history\Unknown.jpg
Unknown,Unknown,2024-05-08 14:50:32,visitor_history\Unknown.jpg
3,Bill Gates,2024-05-08 14:50:32,visitor_history\3.jpg
3,Bill Gates,2024-05-08 14:50:33,visitor_history\3.jpg
3,Bill Gates,2024-05-08 14:50:34,visitor_history\3.jpg
3,Bill Gates,2024-05-08 14:50:35,visitor_history\3.jpg
3,Bill Gates,2024-05-08 14:50:35,visitor_history\3.jpg
3,Bill Gates,2024-05-08 14:50:35,visitor_history\3.jpg
3,Bill Gates,2024-05-08 14:50:36,visitor_history\3.jpg
3,Bill Gates,2024-05-08 14:50:36,visitor_history\3.jpg
3,Bill Gates,2024-05-08 14:50:36,visitor_history\3.jpg
Unknown,Unknown,2024-05-08 14:50:37,visitor_history\Unknown.jpg
3,Bill Gates,2024-05-08 14:50:37,visitor_history\3.jpg
3,Bill Gates,2024-05-08 14:50:38,visitor_history\3.jpg
3,Bill Gates,2024-05-08 14:50:39,visitor_history\3.jpg
Unknown,Unknown,2024-05-08 14:50:39,visitor_history\Unknown.jpg
3,Bill Gates,2024-05-08 14:50:39,visitor_history\3.jpg
Unknown,Unknown,2024-05-08 14:50:40,visitor_history\Unknown.jpg
Unknown,Unknown,2024-05-08 14:50:41,visitor_history\Unknown.jpg
3,Bill Gates,2024-05-08 14:50:41,visitor_history\3.jpg
3,Bill Gates,2024-05-08 14:50:41,visitor_history\3.jpg
Unknown,Unknown,2024-05-08 14:50:42,visitor_history\Unknown.jpg
3,Bill Gates,2024-05-08 14:50:42,visitor_history\3.jpg
Unknown,Unknown,2024-05-08 14:50:43,visitor_history\Unknown.jpg
3,Bill Gates,2024-05-08 14:50:43,visitor_history\3.jpg
3,Bill Gates,2024-05-08 14:50:43,visitor_history\3.jpg
Unknown,Unknown,2024-05-08 14:50:44,visitor_history\Unknown.jpg
3,Bill Gates,2024-05-08 14:50:45,visitor_history\3.jpg
3,Bill Gates,2024-05-08 14:50:45,visitor_history\3.jpg
3,Bill Gates,2024-05-08 14:50:46,visitor_history\3.jpg
3,Bill Gates,2024-05-08 14:50:46,visitor_history\3.jpg
3,Bill Gates,2024-05-08 14:50:46,visitor_history\3.jpg
Unknown,Unknown,2024-05-08 14:50:47,visitor_history\Unknown.jpg
3,Bill Gates,2024-05-08 14:50:47,visitor_history\3.jpg
Unknown,Unknown,2024-05-08 14:50:47,visitor_history\Unknown.jpg
Unknown,Unknown,2024-05-08 14:50:48,visitor_history\Unknown.jpg
3,Bill Gates,2024-05-08 14:50:48,visitor_history\3.jpg
Unknown,Unknown,2024-05-08 14:50:49,visitor_history\Unknown.jpg
3,Bill Gates,2024-05-08 14:50:49,visitor_history\3.jpg
Unknown,Unknown,2024-05-08 14:50:50,visitor_history\Unknown.jpg
Unknown,Unknown,2024-05-08 14:50:51,visitor_history\Unknown.jpg
3,Bill Gates,2024-05-08 14:50:51,visitor_history\3.jpg
3,Bill Gates,2024-05-08 14:50:51,visitor_history\3.jpg
3,Bill Gates,2024-05-08 14:50:51,visitor_history\3.jpg
3,Bill Gates,2024-05-08 14:50:52,visitor_history\3.jpg
3,Bill Gates,2024-05-08 14:50:52,visitor_history\3.jpg
Unknown,Unknown,2024-05-08 14:50:53,visitor_history\Unknown.jpg
3,Bill Gates,2024-05-08 14:50:53,visitor_history\3.jpg
3,Bill Gates,2024-05-08 14:50:54,visitor_history\3.jpg
Unknown,Unknown,2024-05-08 14:50:54,visitor_history\Unknown.jpg
3,Bill Gates,2024-05-08 14:50:54,visitor_history\3.jpg
Unknown,Unknown,2024-05-08 14:50:55,visitor_history\Unknown.jpg
Unknown,Unknown,2024-05-08 14:50:56,visitor_history\Unknown.jpg
3,Bill Gates,2024-05-08 14:50:56,visitor_history\3.jpg
Unknown,Unknown,2024-05-08 14:50:56,visitor_history\Unknown.jpg
Unknown,Unknown,2024-05-08 14:50:57,visitor_history\Unknown.jpg
Unknown,Unknown,2024-05-08 14:50:57,visitor_history\Unknown.jpg
3,Bill Gates,2024-05-08 14:50:58,visitor_history\3.jpg
3,Bill Gates,2024-05-08 14:50:58,visitor_history\3.jpg
3,Bill Gates,2024-05-08 14:50:59,visitor_history\3.jpg
Unknown,Unknown,2024-05-08 14:50:59,visitor_history\Unknown.jpg
3,Bill Gates,2024-05-08 14:51:00,visitor_history\3.jpg
3,Bill Gates,2024-05-08 14:51:00,visitor_history\3.jpg
Unknown,Unknown,2024-05-08 14:51:01,visitor_history\Unknown.jpg
3,Bill Gates,2024-05-08 14:51:01,visitor_history\3.jpg
Unknown,Unknown,2024-05-08 14:51:02,visitor_history\Unknown.jpg
Unknown,Unknown,2024-05-08 14:51:02,visitor_history\Unknown.jpg
Unknown,Unknown,2024-05-08 14:51:03,visitor_history\Unknown.jpg
3,Bill Gates,2024-05-08 14:51:03,visitor_history\3.jpg
Unknown,Unknown,2024-05-08 14:51:04,visitor_history\Unknown.jpg
Unknown,Unknown,2024-05-08 14:51:04,visitor_history\Unknown.jpg
3,Bill Gates,2024-05-08 14:51:05,visitor_history\3.jpg
Unknown,Unknown,2024-05-08 14:51:05,visitor_history\Unknown.jpg
Unknown,Unknown,2024-05-08 14:51:06,visitor_history\Unknown.jpg
Unknown,Unknown,2024-05-08 14:51:06,visitor_history\Unknown.jpg
Unknown,Unknown,2024-05-08 14:51:07,visitor_history\Unknown.jpg
3,Bill Gates,2024-05-08 14:51:07,visitor_history\3.jpg
Unknown,Unknown,2024-05-08 14:51:08,visitor_history\Unknown.jpg
Unknown,Unknown,2024-05-08 14:51:08,visitor_history\Unknown.jpg
3,Bill Gates,2024-05-08 14:51:09,visitor_history\3.jpg
Unknown,Unknown,2024-05-08 14:51:10,visitor_history\Unknown.jpg
3,Bill Gates,2024-05-08 14:51:10,visitor_history\3.jpg
Unknown,Unknown,2024-05-08 14:51:32,visitor_history\Unknown.jpg
Unknown,Unknown,2024-05-08 14:51:33,visitor_history\Unknown.jpg
Unknown,Unknown,2024-05-08 14:51:33,visitor_history\Unknown.jpg
Unknown,Unknown,2024-05-08 14:51:34,visitor_history\Unknown.jpg
Unknown,Unknown,2024-05-08 14:51:34,visitor_history\Unknown.jpg
Unknown,Unknown,2024-05-08 14:51:35,visitor_history\Unknown.jpg
Unknown,Unknown,2024-05-08 14:51:35,visitor_history\Unknown.jpg
Unknown,Unknown,2024-05-08 14:51:36,visitor_history\Unknown.jpg
Unknown,Unknown,2024-05-08 14:51:36,visitor_history\Unknown.jpg
Unknown,Unknown,2024-05-08 14:51:37,visitor_history\Unknown.jpg
Unknown,Unknown,2024-05-08 14:51:37,visitor_history\Unknown.jpg
Unknown,Unknown,2024-05-08 14:51:38,visitor_history\Unknown.jpg
Unknown,Unknown,2024-05-08 14:51:38,visitor_history\Unknown.jpg
Unknown,Unknown,2024-05-08 14:51:38,visitor_history\Unknown.jpg
Unknown,Unknown,2024-05-08 14:51:39,visitor_history\Unknown.jpg
Unknown,Unknown,2024-05-08 14:51:39,visitor_history\Unknown.jpg
Unknown,Unknown,2024-05-08 14:51:40,visitor_history\Unknown.jpg
Unknown,Unknown,2024-05-08 14:51:40,visitor_history\Unknown.jpg
Unknown,Unknown,2024-05-08 14:51:41,visitor_history\Unknown.jpg
Unknown,Unknown,2024-05-08 14:51:42,visitor_history\Unknown.jpg
Unknown,Unknown,2024-05-08 14:51:42,visitor_history\Unknown.jpg
Unknown,Unknown,2024-05-08 14:51:42,visitor_history\Unknown.jpg
Unknown,Unknown,2024-05-08 14:51:43,visitor_history\Unknown.jpg
Unknown,Unknown,2024-05-08 14:51:43,visitor_history\Unknown.jpg
Unknown,Unknown,2024-05-08 14:51:44,visitor_history\Unknown.jpg
Unknown,Unknown,2024-05-08 14:51:44,visitor_history\Unknown.jpg
Unknown,Unknown,2024-05-08 14:51:44,visitor_history\Unknown.jpg
Unknown,Unknown,2024-05-08 14:51:45,visitor_history\Unknown.jpg
Unknown,Unknown,2024-05-08 14:51:45,visitor_history\Unknown.jpg
Unknown,Unknown,2024-05-08 14:51:46,visitor_history\Unknown.jpg
Unknown,Unknown,2024-05-08 14:51:47,visitor_history\Unknown.jpg
Unknown,Unknown,2024-05-08 14:51:47,visitor_history\Unknown.jpg
Unknown,Unknown,2024-05-08 14:51:48,visitor_history\Unknown.jpg
Unknown,Unknown,2024-05-08 14:51:48,visitor_history\Unknown.jpg
Unknown,Unknown,2024-05-08 14:51:48,visitor_history\Unknown.jpg
Unknown,Unknown,2024-05-08 14:51:49,visitor_history\Unknown.jpg
Unknown,Unknown,2024-05-08 14:51:49,visitor_history\Unknown.jpg
Unknown,Unknown,2024-05-08 14:51:50,visitor_history\Unknown.jpg
Unknown,Unknown,2024-05-08 14:51:50,visitor_history\Unknown.jpg
Unknown,Unknown,2024-05-08 14:51:50,visitor_history\Unknown.jpg
Unknown,Unknown,2024-05-08 14:51:50,visitor_history\Unknown.jpg
Unknown,Unknown,2024-05-08 14:51:51,visitor_history\Unknown.jpg
Unknown,Unknown,2024-05-08 14:51:51,visitor_history\Unknown.jpg
Unknown,Unknown,2024-05-08 14:51:52,visitor_history\Unknown.jpg
Unknown,Unknown,2024-05-08 14:51:52,visitor_history\Unknown.jpg
Unknown,Unknown,2024-05-08 14:51:53,visitor_history\Unknown.jpg
Unknown,Unknown,2024-05-08 14:51:53,visitor_history\Unknown.jpg
Unknown,Unknown,2024-05-08 14:51:54,visitor_history\Unknown.jpg
Unknown,Unknown,2024-05-08 14:51:54,visitor_history\Unknown.jpg
Unknown,Unknown,2024-05-08 14:51:54,visitor_history\Unknown.jpg
Unknown,Unknown,2024-05-08 14:51:55,visitor_history\Unknown.jpg
Unknown,Unknown,2024-05-08 14:51:55,visitor_history\Unknown.jpg
Unknown,Unknown,2024-05-08 14:51:56,visitor_history\Unknown.jpg
Unknown,Unknown,2024-05-08 14:51:56,visitor_history\Unknown.jpg
Unknown,Unknown,2024-05-08 14:51:57,visitor_history\Unknown.jpg
Unknown,Unknown,2024-05-08 14:51:57,visitor_history\Unknown.jpg
Unknown,Unknown,2024-05-08 14:51:58,visitor_history\Unknown.jpg
Unknown,Unknown,2024-05-08 14:51:58,visitor_history\Unknown.jpg
Unknown,Unknown,2024-05-08 14:51:59,visitor_history\Unknown.jpg
Unknown,Unknown,2024-05-08 14:51:59,visitor_history\Unknown.jpg
Unknown,Unknown,2024-05-08 14:52:00,visitor_history\Unknown.jpg
Unknown,Unknown,2024-05-08 14:52:00,visitor_history\Unknown.jpg
Unknown,Unknown,2024-05-08 14:52:01,visitor_history\Unknown.jpg
Unknown,Unknown,2024-05-08 14:52:01,visitor_history\Unknown.jpg
Unknown,Unknown,2024-05-08 14:52:02,visitor_history\Unknown.jpg
Unknown,Unknown,2024-05-08 14:52:02,visitor_history\Unknown.jpg
Unknown,Unknown,2024-05-08 14:52:03,visitor_history\Unknown.jpg
Unknown,Unknown,2024-05-08 14:52:04,visitor_history\Unknown.jpg
Unknown,Unknown,2024-05-08 14:52:04,visitor_history\Unknown.jpg
Unknown,Unknown,2024-05-08 14:52:04,visitor_history\Unknown.jpg
Unknown,Unknown,2024-05-08 14:52:05,visitor_history\Unknown.jpg
Unknown,Unknown,2024-05-08 14:52:05,visitor_history\Unknown.jpg
Unknown,Unknown,2024-05-08 14:52:06,visitor_history\Unknown.jpg
Unknown,Unknown,2024-05-08 14:52:06,visitor_history\Unknown.jpg
Unknown,Unknown,2024-05-08 14:52:07,visitor_history\Unknown.jpg
Unknown,Unknown,2024-05-08 14:52:07,visitor_history\Unknown.jpg
Unknown,Unknown,2024-05-08 14:52:08,visitor_history\Unknown.jpg
Unknown,Unknown,2024-05-08 14:52:09,visitor_history\Unknown.jpg
Unknown,Unknown,2024-05-08 14:52:09,visitor_history\Unknown.jpg
Unknown,Unknown,2024-05-08 14:52:09,visitor_history\Unknown.jpg
Unknown,Unknown,2024-05-08 14:52:10,visitor_history\Unknown.jpg
Unknown,Unknown,2024-05-08 14:52:11,visitor_history\Unknown.jpg
Unknown,Unknown,2024-05-08 14:52:12,visitor_history\Unknown.jpg
Unknown,Unknown,2024-05-08 14:52:12,visitor_history\Unknown.jpg
Unknown,Unknown,2024-05-08 14:52:12,visitor_history\Unknown.jpg
Unknown,Unknown,2024-05-08 14:52:13,visitor_history\Unknown.jpg
Unknown,Unknown,2024-05-08 14:52:13,visitor_history\Unknown.jpg
Unknown,Unknown,2024-05-08 14:52:14,visitor_history\Unknown.jpg
Unknown,Unknown,2024-05-08 14:52:14,visitor_history\Unknown.jpg
Unknown,Unknown,2024-05-08 14:52:15,visitor_history\Unknown.jpg
Unknown,Unknown,2024-05-08 14:52:15,visitor_history\Unknown.jpg
Unknown,Unknown,2024-05-08 14:52:16,visitor_history\Unknown.jpg
Unknown,Unknown,2024-05-08 14:52:16,visitor_history\Unknown.jpg
Unknown,Unknown,2024-05-08 14:52:17,visitor_history\Unknown.jpg
Unknown,Unknown,2024-05-08 14:52:17,visitor_history\Unknown.jpg
Unknown,Unknown,2024-05-08 14:52:17,visitor_history\Unknown.jpg
Unknown,Unknown,2024-05-08 14:52:17,visitor_history\Unknown.jpg
Unknown,Unknown,2024-05-08 14:52:18,visitor_history\Unknown.jpg
Unknown,Unknown,2024-05-08 14:52:18,visitor_history\Unknown.jpg
Unknown,Unknown,2024-05-08 14:52:19,visitor_history\Unknown.jpg
Unknown,Unknown,2024-05-08 14:52:19,visitor_history\Unknown.jpg
Unknown,Unknown,2024-05-08 14:52:20,visitor_history\Unknown.jpg
Unknown,Unknown,2024-05-08 14:52:20,visitor_history\Unknown.jpg
